{"Train Loss":[0.004523419399713142,0.002648841953326959,0.0024411258076489435,0.002288999559864861,0.0021718514627932194,0.0020991224155933654,0.002041938528019786,0.0019264611406701931,0.0018584002040258295,0.001809989079425104,0.0017736891788404454,0.0017513464634447162,0.0017359485717870148,0.0017245797630992864,0.0017138375798305574,0.0017036665654522978,0.0016917187893460044,0.0016682778937347183,0.001642381457818754,0.0016293100492774347],"_timestamp":1.7439659520140355e+09,"_runtime":751.7445582,"_step":19,"_wandb":{"runtime":769}}