{"_wandb":{"runtime":931},"_step":19,"Train Loss":[0.004915411717549041,0.0028056894176179633,0.002557574845764936,0.002368443311764479,0.0022434915370974145,0.002147788215596556,0.0020607021945246036,0.00199530130890737,0.0019495811512647418,0.0019092541717151172,0.0018651219593876385,0.0018371399006910298,0.0018156372378466217,0.0017941612744791257,0.0017728640285448736,0.0017441297317201268,0.0017167982764297067,0.0016963354898769352,0.001683068715593185,0.0016728940965351987],"_timestamp":1.743967493473142e+09,"_runtime":912.4805813}