{"_runtime":796.4289806,"_step":16,"_wandb":{"runtime":802},"Train Loss":[0.004411926910906305,0.0022062058400958186,0.0018856781171011504,0.0016414576557677602,0.001439545700830342,0.0013530989864641513,0.0012657804859835641,0.0011763663792825384,0.0010689701037372218,0.0010128327779532849,0.0009877810120924547,0.0009721054579286402,0.0009609920573030605,0.0009533326686045603,0.0009476088649187501,0.0009422500991910195,0.0009375577620779204],"_timestamp":1.743952449712071e+09}